ID_Inscription,Code_Etudiant,ID_Formation,Annee_Academique,Niveau,Date_Inscription,Montant_Paye,Total_Heures_Semaine,ID_Temps
0,E20210007,120211,2021-2022,L1,2021-12-15,200000,39.0,20211215
1,E20210012,120211,2021-2022,L1,2021-06-07,200000,39.0,20210607
2,E20210028,120211,2021-2022,L1,2021-03-27,200000,39.0,20210327
3,E20210047,120211,2021-2022,L1,2021-06-20,200000,39.0,20210620
4,E20210051,120211,2021-2022,L1,2021-01-21,200000,39.0,20210121
5,E20210058,120211,2021-2022,L1,2021-07-24,200000,39.0,20210724
6,E20210059,120211,2021-2022,L1,2021-04-02,200000,39.0,20210402
7,E20210063,120211,2021-2022,L1,2021-06-10,200000,39.0,20210610
8,E20210068,120211,2021-2022,L1,2021-08-15,200000,39.0,20210815
9,E20210080,120211,2021-2022,L1,2021-10-04,200000,39.0,20211004
10,E20210081,120211,2021-2022,L1,2021-12-28,200000,39.0,20211228
11,E20210082,120211,2021-2022,L1,2021-08-27,200000,39.0,20210827
12,E20210085,120211,2021-2022,L1,2021-10-07,200000,39.0,20211007
13,E20220015,120221,2022-2023,L1,2022-04-27,200000,3.0,20220427
14,E20220034,120221,2022-2023,L1,2022-08-10,200000,3.0,20220810
15,E20220040,120221,2022-2023,L1,2022-12-06,200000,3.0,20221206
16,E20220050,120221,2022-2023,L1,2022-10-10,200000,3.0,20221010
17,E20220057,120221,2022-2023,L1,2022-08-31,200000,3.0,20220831
18,E20220062,120221,2022-2023,L1,2022-07-14,200000,3.0,20220714
19,E20220067,120221,2022-2023,L1,2022-05-06,200000,3.0,20220506
20,E20220068,120221,2022-2023,L1,2022-03-31,200000,3.0,20220331
21,E20220069,120221,2022-2023,L1,2022-09-12,200000,3.0,20220912
22,E20220074,120221,2022-2023,L1,2022-07-15,200000,3.0,20220715
23,E20220076,120221,2022-2023,L1,2022-11-07,200000,3.0,20221107
24,E20220088,120221,2022-2023,L1,2022-11-22,200000,3.0,20221122
25,E20230011,120231,2023-2024,L1,2023-12-07,200000,40.0,20231207
26,E20230023,120231,2023-2024,L1,2023-08-15,200000,40.0,20230815
27,E20230030,120231,2023-2024,L1,2023-01-10,200000,40.0,20230110
28,E20230037,120231,2023-2024,L1,2023-04-10,200000,40.0,20230410
29,E20230045,120231,2023-2024,L1,2023-11-01,200000,40.0,20231101
30,E20230047,120231,2023-2024,L1,2023-02-01,200000,40.0,20230201
31,E20230060,120231,2023-2024,L1,2023-03-26,200000,40.0,20230326
32,E20230064,120231,2023-2024,L1,2023-09-15,200000,40.0,20230915
33,E20230065,120231,2023-2024,L1,2023-03-12,200000,40.0,20230312
34,E20230073,120231,2023-2024,L1,2023-08-18,200000,40.0,20230818
35,E20230084,120231,2023-2024,L1,2023-12-23,200000,40.0,20231223
36,E20240010,120241,2024-2025,L1,2024-05-05,200000,3.0,20240505
37,E20240017,120241,2024-2025,L1,2024-09-12,200000,3.0,20240912
38,E20240021,120241,2024-2025,L1,2024-08-08,200000,3.0,20240808
39,E20240038,120241,2024-2025,L1,2024-03-18,200000,3.0,20240318
40,E20240056,120241,2024-2025,L1,2024-01-19,200000,3.0,20240119
41,E20240063,120241,2024-2025,L1,2024-02-14,200000,3.0,20240214
42,E20240069,120241,2024-2025,L1,2024-11-10,200000,3.0,20241110
43,E20240072,120241,2024-2025,L1,2024-09-27,200000,3.0,20240927
44,E20240086,120241,2024-2025,L1,2024-06-26,200000,3.0,20240626
45,E20240088,120241,2024-2025,L1,2024-01-18,200000,3.0,20240118
46,E20240093,120241,2024-2025,L1,2024-10-29,200000,3.0,20241029
47,E20210068,120222,2022-2023,L2,2022-04-22,200000,44.0,20220422
48,E20210085,120222,2022-2023,L2,2022-01-08,200000,44.0,20220108
49,E20210081,120222,2022-2023,L2,2022-03-02,200000,44.0,20220302
50,E20210080,120222,2022-2023,L2,2022-11-06,200000,44.0,20221106
51,E20210012,120222,2022-2023,L2,2022-07-23,200000,44.0,20220723
52,E20210007,120222,2022-2023,L2,2022-10-11,200000,44.0,20221011
53,E20210051,120222,2022-2023,L2,2022-06-18,200000,44.0,20220618
54,E20210047,120222,2022-2023,L2,2022-04-28,200000,44.0,20220428
55,E20210028,120222,2022-2023,L2,2022-09-13,200000,44.0,20220913
56,E20210063,120222,2022-2023,L2,2022-12-02,200000,44.0,20221202
57,E20210059,120222,2022-2023,L2,2022-12-17,200000,44.0,20221217
58,E20210058,120222,2022-2023,L2,2022-09-08,200000,44.0,20220908
59,E20220040,120232,2023-2024,L2,2023-12-15,200000,8.0,20231215
60,E20220057,120232,2023-2024,L2,2023-06-01,200000,8.0,20230601
61,E20220050,120232,2023-2024,L2,2023-07-14,200000,8.0,20230714
62,E20220074,120232,2023-2024,L2,2023-11-21,200000,8.0,20231121
63,E20220034,120232,2023-2024,L2,2023-07-04,200000,8.0,20230704
64,E20220067,120232,2023-2024,L2,2023-02-16,200000,8.0,20230216
65,E20220068,120232,2023-2024,L2,2023-01-03,200000,8.0,20230103
66,E20220076,120232,2023-2024,L2,2023-08-16,200000,8.0,20230816
67,E20220069,120232,2023-2024,L2,2023-05-19,200000,8.0,20230519
68,E20220088,120232,2023-2024,L2,2023-07-17,200000,8.0,20230717
69,E20220062,120232,2023-2024,L2,2023-03-28,200000,8.0,20230328
70,E20230023,,2024-2025,L2,2024-06-24,200000,,20240624
71,E20230073,,2024-2025,L2,2024-08-21,200000,,20240821
72,E20230011,,2024-2025,L2,2024-02-19,200000,,20240219
73,E20230045,,2024-2025,L2,2024-03-30,200000,,20240330
74,E20230037,,2024-2025,L2,2024-02-02,200000,,20240202
75,E20230084,,2024-2025,L2,2024-10-22,200000,,20241022
76,E20230065,,2024-2025,L2,2024-04-10,200000,,20240410
77,E20230047,,2024-2025,L2,2024-08-22,200000,,20240822
78,E20230060,,2024-2025,L2,2024-10-27,200000,,20241027
79,E20210085,120233,2023-2024,L3,2023-12-22,200000,4.0,20231222
80,E20210068,120233,2023-2024,L3,2023-02-17,200000,4.0,20230217
81,E20210047,120233,2023-2024,L3,2023-12-07,200000,4.0,20231207
82,E20210051,120233,2023-2024,L3,2023-07-03,200000,4.0,20230703
83,E20210028,120233,2023-2024,L3,2023-09-11,200000,4.0,20230911
84,E20210081,120233,2023-2024,L3,2023-09-06,200000,4.0,20230906
85,E20210007,120233,2023-2024,L3,2023-06-25,200000,4.0,20230625
86,E20210080,120233,2023-2024,L3,2023-01-25,200000,4.0,20230125
87,E20210063,120233,2023-2024,L3,2023-01-09,200000,4.0,20230109
88,E20210058,120233,2023-2024,L3,2023-03-05,200000,4.0,20230305
89,E20220050,120243,2024-2025,L3,2024-04-20,200000,48.0,20240420
90,E20220057,120243,2024-2025,L3,2024-11-17,200000,48.0,20241117
91,E20220069,120243,2024-2025,L3,2024-07-31,200000,48.0,20240731
92,E20220040,120243,2024-2025,L3,2024-05-05,200000,48.0,20240505
93,E20220068,120243,2024-2025,L3,2024-11-07,200000,48.0,20241107
94,E20220067,120243,2024-2025,L3,2024-06-07,200000,48.0,20240607
95,E20220034,120243,2024-2025,L3,2024-12-02,200000,48.0,20241202
96,E20220062,120243,2024-2025,L3,2024-03-30,200000,48.0,20240330
97,E20210013,520211,2021-2022,L1,2021-02-05,200000,45.0,20210205
98,E20210015,520211,2021-2022,L1,2021-06-09,200000,45.0,20210609
99,E20210017,520211,2021-2022,L1,2021-06-23,200000,45.0,20210623
100,E20210021,520211,2021-2022,L1,2021-10-23,200000,45.0,20211023
101,E20210036,520211,2021-2022,L1,2021-08-03,200000,45.0,20210803
102,E20210046,520211,2021-2022,L1,2021-11-21,200000,45.0,20211121
103,E20210061,520211,2021-2022,L1,2021-07-17,200000,45.0,20210717
104,E20210072,520211,2021-2022,L1,2021-07-24,200000,45.0,20210724
105,E20210083,520211,2021-2022,L1,2021-10-27,200000,45.0,20211027
106,E20220002,520221,2022-2023,L1,2022-06-15,200000,41.0,20220615
107,E20220008,520221,2022-2023,L1,2022-12-20,200000,41.0,20221220
108,E20220012,520221,2022-2023,L1,2022-06-06,200000,41.0,20220606
109,E20220017,520221,2022-2023,L1,2022-05-30,200000,41.0,20220530
110,E20220020,520221,2022-2023,L1,2022-07-25,200000,41.0,20220725
111,E20220038,520221,2022-2023,L1,2022-08-29,200000,41.0,20220829
112,E20220045,520221,2022-2023,L1,2022-12-24,200000,41.0,20221224
113,E20220051,520221,2022-2023,L1,2022-08-01,200000,41.0,20220801
114,E20220078,520221,2022-2023,L1,2022-05-09,200000,41.0,20220509
115,E20220086,520221,2022-2023,L1,2022-07-15,200000,41.0,20220715
116,E20230020,,2023-2024,L1,2023-08-21,200000,,20230821
117,E20230027,,2023-2024,L1,2023-05-29,200000,,20230529
118,E20230028,,2023-2024,L1,2023-03-31,200000,,20230331
119,E20230042,,2023-2024,L1,2023-08-15,200000,,20230815
120,E20230050,,2023-2024,L1,2023-06-23,200000,,20230623
121,E20230068,,2023-2024,L1,2023-08-12,200000,,20230812
122,E20230072,,2023-2024,L1,2023-03-12,200000,,20230312
123,E20230081,,2023-2024,L1,2023-07-11,200000,,20230711
124,E20230086,,2023-2024,L1,2023-06-11,200000,,20230611
125,E20230094,,2023-2024,L1,2023-03-27,200000,,20230327
126,E20240007,520241,2024-2025,L1,2024-03-19,200000,44.0,20240319
127,E20240012,520241,2024-2025,L1,2024-06-23,200000,44.0,20240623
128,E20240024,520241,2024-2025,L1,2024-10-08,200000,44.0,20241008
129,E20240040,520241,2024-2025,L1,2024-09-22,200000,44.0,20240922
130,E20240044,520241,2024-2025,L1,2024-12-26,200000,44.0,20241226
131,E20240046,520241,2024-2025,L1,2024-07-13,200000,44.0,20240713
132,E20240053,520241,2024-2025,L1,2024-09-01,200000,44.0,20240901
133,E20240068,520241,2024-2025,L1,2024-12-26,200000,44.0,20241226
134,E20240076,520241,2024-2025,L1,2024-03-08,200000,44.0,20240308
135,E20240089,520241,2024-2025,L1,2024-01-23,200000,44.0,20240123
136,E20240099,520241,2024-2025,L1,2024-11-27,200000,44.0,20241127
137,E20210013,520222,2022-2023,L2,2022-10-14,200000,6.0,20221014
138,E20210036,520222,2022-2023,L2,2022-07-03,200000,6.0,20220703
139,E20210046,520222,2022-2023,L2,2022-06-07,200000,6.0,20220607
140,E20210017,520222,2022-2023,L2,2022-07-04,200000,6.0,20220704
141,E20220045,520232,2023-2024,L2,2023-07-14,200000,45.0,20230714
142,E20220012,520232,2023-2024,L2,2023-02-24,200000,45.0,20230224
143,E20220017,520232,2023-2024,L2,2023-04-06,200000,45.0,20230406
144,E20220008,520232,2023-2024,L2,2023-10-13,200000,45.0,20231013
145,E20220020,520232,2023-2024,L2,2023-07-28,200000,45.0,20230728
146,E20220051,520232,2023-2024,L2,2023-10-20,200000,45.0,20231020
147,E20220086,520232,2023-2024,L2,2023-02-02,200000,45.0,20230202
148,E20230027,,2024-2025,L2,2024-09-04,200000,,20240904
149,E20230050,,2024-2025,L2,2024-10-09,200000,,20241009
150,E20230068,,2024-2025,L2,2024-06-18,200000,,20240618
151,E20230028,,2024-2025,L2,2024-07-21,200000,,20240721
152,E20230020,,2024-2025,L2,2024-01-15,200000,,20240115
153,E20230086,,2024-2025,L2,2024-04-15,200000,,20240415
154,E20230094,,2024-2025,L2,2024-12-09,200000,,20241209
155,E20230042,,2024-2025,L2,2024-09-27,200000,,20240927
156,E20210013,520233,2023-2024,L3,2023-07-26,200000,8.0,20230726
157,E20210046,520233,2023-2024,L3,2023-11-22,200000,8.0,20231122
158,E20210017,520233,2023-2024,L3,2023-06-04,200000,8.0,20230604
159,E20220045,520243,2024-2025,L3,2024-08-04,200000,7.0,20240804
160,E20220051,520243,2024-2025,L3,2024-03-19,200000,7.0,20240319
161,E20220017,520243,2024-2025,L3,2024-02-12,200000,7.0,20240212
162,E20220086,520243,2024-2025,L3,2024-07-19,200000,7.0,20240719
163,E20220012,520243,2024-2025,L3,2024-11-28,200000,7.0,20241128
164,E20220008,520243,2024-2025,L3,2024-08-11,200000,7.0,20240811
165,E20220020,520243,2024-2025,L3,2024-01-29,200000,7.0,20240129
166,E20210002,620211,2021-2022,L1,2021-05-16,200000,47.0,20210516
167,E20210003,620211,2021-2022,L1,2021-10-26,200000,47.0,20211026
168,E20210004,620211,2021-2022,L1,2021-09-10,200000,47.0,20210910
169,E20210010,620211,2021-2022,L1,2021-11-08,200000,47.0,20211108
170,E20210030,620211,2021-2022,L1,2021-05-27,200000,47.0,20210527
171,E20210044,620211,2021-2022,L1,2021-11-06,200000,47.0,20211106
172,E20210056,620211,2021-2022,L1,2021-04-27,200000,47.0,20210427
173,E20210070,620211,2021-2022,L1,2021-04-26,200000,47.0,20210426
174,E20210077,620211,2021-2022,L1,2021-03-23,200000,47.0,20210323
175,E20220018,620221,2022-2023,L1,2022-10-21,200000,7.0,20221021
176,E20220023,620221,2022-2023,L1,2022-09-25,200000,7.0,20220925
177,E20220029,620221,2022-2023,L1,2022-12-18,200000,7.0,20221218
178,E20220036,620221,2022-2023,L1,2022-03-31,200000,7.0,20220331
179,E20220039,620221,2022-2023,L1,2022-03-24,200000,7.0,20220324
180,E20220072,620221,2022-2023,L1,2022-11-24,200000,7.0,20221124
181,E20220075,620221,2022-2023,L1,2022-12-04,200000,7.0,20221204
182,E20220083,620221,2022-2023,L1,2022-03-14,200000,7.0,20220314
183,E20220090,620221,2022-2023,L1,2022-03-01,200000,7.0,20220301
184,E20230003,620231,2023-2024,L1,2023-10-08,200000,3.0,20231008
185,E20230005,620231,2023-2024,L1,2023-12-26,200000,3.0,20231226
186,E20230008,620231,2023-2024,L1,2023-03-20,200000,3.0,20230320
187,E20230022,620231,2023-2024,L1,2023-01-26,200000,3.0,20230126
188,E20230033,620231,2023-2024,L1,2023-11-13,200000,3.0,20231113
189,E20230039,620231,2023-2024,L1,2023-12-02,200000,3.0,20231202
190,E20230048,620231,2023-2024,L1,2023-09-16,200000,3.0,20230916
191,E20230075,620231,2023-2024,L1,2023-06-04,200000,3.0,20230604
192,E20230088,620231,2023-2024,L1,2023-01-25,200000,3.0,20230125
193,E20240005,,2024-2025,L1,2024-04-10,200000,,20240410
194,E20240009,,2024-2025,L1,2024-08-01,200000,,20240801
195,E20240011,,2024-2025,L1,2024-03-21,200000,,20240321
196,E20240034,,2024-2025,L1,2024-08-30,200000,,20240830
197,E20240039,,2024-2025,L1,2024-11-09,200000,,20241109
198,E20240041,,2024-2025,L1,2024-06-09,200000,,20240609
199,E20240060,,2024-2025,L1,2024-03-24,200000,,20240324
200,E20240070,,2024-2025,L1,2024-08-20,200000,,20240820
201,E20240097,,2024-2025,L1,2024-12-28,200000,,20241228
202,E20210077,620222,2022-2023,L2,2022-02-07,200000,44.0,20220207
203,E20210056,620222,2022-2023,L2,2022-12-27,200000,44.0,20221227
204,E20210010,620222,2022-2023,L2,2022-05-25,200000,44.0,20220525
205,E20210004,620222,2022-2023,L2,2022-10-16,200000,44.0,20221016
206,E20210070,620222,2022-2023,L2,2022-05-14,200000,44.0,20220514
207,E20210044,620222,2022-2023,L2,2022-04-11,200000,44.0,20220411
208,E20220023,620232,2023-2024,L2,2023-07-02,200000,4.0,20230702
209,E20220036,620232,2023-2024,L2,2023-11-13,200000,4.0,20231113
210,E20220029,620232,2023-2024,L2,2023-03-20,200000,4.0,20230320
211,E20220018,620232,2023-2024,L2,2023-11-02,200000,4.0,20231102
212,E20220039,620232,2023-2024,L2,2023-11-03,200000,4.0,20231103
213,E20220090,620232,2023-2024,L2,2023-02-13,200000,4.0,20230213
214,E20230048,620242,2024-2025,L2,2024-02-04,200000,7.0,20240204
215,E20230005,620242,2024-2025,L2,2024-01-23,200000,7.0,20240123
216,E20230008,620242,2024-2025,L2,2024-12-02,200000,7.0,20241202
217,E20230039,620242,2024-2025,L2,2024-12-26,200000,7.0,20241226
218,E20230033,620242,2024-2025,L2,2024-11-08,200000,7.0,20241108
219,E20210077,620233,2023-2024,L3,2023-11-21,200000,46.0,20231121
220,E20210056,620233,2023-2024,L3,2023-05-23,200000,46.0,20230523
221,E20210004,620233,2023-2024,L3,2023-08-21,200000,46.0,20230821
222,E20210044,620233,2023-2024,L3,2023-10-08,200000,46.0,20231008
223,E20210070,620233,2023-2024,L3,2023-08-08,200000,46.0,20230808
224,E20210010,620233,2023-2024,L3,2023-04-14,200000,46.0,20230414
225,E20220090,620243,2024-2025,L3,2024-11-23,200000,46.0,20241123
226,E20220039,620243,2024-2025,L3,2024-10-01,200000,46.0,20241001
227,E20220029,620243,2024-2025,L3,2024-12-23,200000,46.0,20241223
228,E20220018,620243,2024-2025,L3,2024-12-07,200000,46.0,20241207
229,E20220036,620243,2024-2025,L3,2024-01-07,200000,46.0,20240107
230,E20210001,720211,2021-2022,L1,2021-06-11,225000,42.0,20210611
231,E20210008,720211,2021-2022,L1,2021-05-31,225000,42.0,20210531
232,E20210026,720211,2021-2022,L1,2021-05-23,225000,42.0,20210523
233,E20210045,720211,2021-2022,L1,2021-09-08,225000,42.0,20210908
234,E20210054,720211,2021-2022,L1,2021-07-30,225000,42.0,20210730
235,E20210064,720211,2021-2022,L1,2021-12-08,225000,42.0,20211208
236,E20210075,720211,2021-2022,L1,2021-11-01,225000,42.0,20211101
237,E20210086,720211,2021-2022,L1,2021-01-15,225000,42.0,20210115
238,E20220004,720221,2022-2023,L1,2022-01-15,225000,40.0,20220115
239,E20220009,720221,2022-2023,L1,2022-01-09,225000,40.0,20220109
240,E20220013,720221,2022-2023,L1,2022-03-03,225000,40.0,20220303
241,E20220025,720221,2022-2023,L1,2022-11-09,225000,40.0,20221109
242,E20220042,720221,2022-2023,L1,2022-09-21,225000,40.0,20220921
243,E20220053,720221,2022-2023,L1,2022-12-04,225000,40.0,20221204
244,E20220060,720221,2022-2023,L1,2022-12-02,225000,40.0,20221202
245,E20220073,720221,2022-2023,L1,2022-04-12,225000,40.0,20220412
246,E20230004,,2023-2024,L1,2023-05-31,225000,,20230531
247,E20230019,,2023-2024,L1,2023-11-21,225000,,20231121
248,E20230038,,2023-2024,L1,2023-02-22,225000,,20230222
249,E20230053,,2023-2024,L1,2023-12-02,225000,,20231202
250,E20230061,,2023-2024,L1,2023-08-16,225000,,20230816
251,E20230063,,2023-2024,L1,2023-12-14,225000,,20231214
252,E20230093,,2023-2024,L1,2023-12-05,225000,,20231205
253,E20230095,,2023-2024,L1,2023-11-11,225000,,20231111
254,E20240003,720241,2024-2025,L1,2024-01-29,225000,41.0,20240129
255,E20240014,720241,2024-2025,L1,2024-05-03,225000,41.0,20240503
256,E20240016,720241,2024-2025,L1,2024-05-07,225000,41.0,20240507
257,E20240033,720241,2024-2025,L1,2024-10-25,225000,41.0,20241025
258,E20240042,720241,2024-2025,L1,2024-12-12,225000,41.0,20241212
259,E20240062,720241,2024-2025,L1,2024-11-08,225000,41.0,20241108
260,E20240074,720241,2024-2025,L1,2024-09-23,225000,41.0,20240923
261,E20240080,720241,2024-2025,L1,2024-01-17,225000,41.0,20240117
262,E20240091,720241,2024-2025,L1,2024-06-12,225000,41.0,20240612
263,E20210001,720222,2022-2023,L2,2022-04-07,225000,6.0,20220407
264,E20210054,720222,2022-2023,L2,2022-04-08,225000,6.0,20220408
265,E20210045,720222,2022-2023,L2,2022-05-14,225000,6.0,20220514
266,E20210008,720222,2022-2023,L2,2022-08-27,225000,6.0,20220827
267,E20210026,720222,2022-2023,L2,2022-07-09,225000,6.0,20220709
268,E20210086,720222,2022-2023,L2,2022-07-14,225000,6.0,20220714
269,E20220013,720232,2023-2024,L2,2023-02-07,225000,44.0,20230207
270,E20220025,720232,2023-2024,L2,2023-10-11,225000,44.0,20231011
271,E20220004,720232,2023-2024,L2,2023-02-17,225000,44.0,20230217
272,E20220009,720232,2023-2024,L2,2023-06-16,225000,44.0,20230616
273,E20220073,720232,2023-2024,L2,2023-03-28,225000,44.0,20230328
274,E20220042,720232,2023-2024,L2,2023-03-13,225000,44.0,20230313
275,E20230019,,2024-2025,L2,2024-12-29,225000,,20241229
276,E20230004,,2024-2025,L2,2024-07-18,225000,,20240718
277,E20230063,,2024-2025,L2,2024-12-26,225000,,20241226
278,E20230095,,2024-2025,L2,2024-10-01,225000,,20241001
279,E20210054,720233,2023-2024,L3,2023-09-07,225000,8.0,20230907
280,E20210045,720233,2023-2024,L3,2023-06-17,225000,8.0,20230617
281,E20210008,720233,2023-2024,L3,2023-12-24,225000,8.0,20231224
282,E20210026,720233,2023-2024,L3,2023-05-18,225000,8.0,20230518
283,E20210086,720233,2023-2024,L3,2023-12-19,225000,8.0,20231219
284,E20220009,720243,2024-2025,L3,2024-07-22,225000,10.0,20240722
285,E20220004,720243,2024-2025,L3,2024-09-13,225000,10.0,20240913
286,E20220025,720243,2024-2025,L3,2024-06-16,225000,10.0,20240616
287,E20220073,720243,2024-2025,L3,2024-02-03,225000,10.0,20240203
288,E20220042,720243,2024-2025,L3,2024-03-02,225000,10.0,20240302
289,E20210018,420211,2021-2022,L1,2021-01-04,125000,45.0,20210104
290,E20210023,420211,2021-2022,L1,2021-07-30,125000,45.0,20210730
291,E20210029,420211,2021-2022,L1,2021-01-31,125000,45.0,20210131
292,E20210032,420211,2021-2022,L1,2021-02-01,125000,45.0,20210201
293,E20210033,420211,2021-2022,L1,2021-09-15,125000,45.0,20210915
294,E20210034,420211,2021-2022,L1,2021-11-01,125000,45.0,20211101
295,E20210039,420211,2021-2022,L1,2021-04-20,125000,45.0,20210420
296,E20210041,420211,2021-2022,L1,2021-12-27,125000,45.0,20211227
297,E20210042,420211,2021-2022,L1,2021-12-08,125000,45.0,20211208
298,E20210050,420211,2021-2022,L1,2021-03-17,125000,45.0,20210317
299,E20210053,420211,2021-2022,L1,2021-03-25,125000,45.0,20210325
300,E20210065,420211,2021-2022,L1,2021-03-07,125000,45.0,20210307
301,E20220007,420221,2022-2023,L1,2022-02-13,125000,47.0,20220213
302,E20220026,420221,2022-2023,L1,2022-12-05,125000,47.0,20221205
303,E20220030,420221,2022-2023,L1,2022-10-06,125000,47.0,20221006
304,E20220041,420221,2022-2023,L1,2022-08-21,125000,47.0,20220821
305,E20220046,420221,2022-2023,L1,2022-12-30,125000,47.0,20221230
306,E20220047,420221,2022-2023,L1,2022-02-17,125000,47.0,20220217
307,E20220048,420221,2022-2023,L1,2022-11-28,125000,47.0,20221128
308,E20220056,420221,2022-2023,L1,2022-07-16,125000,47.0,20220716
309,E20220058,420221,2022-2023,L1,2022-01-19,125000,47.0,20220119
310,E20220063,420221,2022-2023,L1,2022-01-19,125000,47.0,20220119
311,E20220071,420221,2022-2023,L1,2022-03-22,125000,47.0,20220322
312,E20220081,420221,2022-2023,L1,2022-07-07,125000,47.0,20220707
313,E20220085,420221,2022-2023,L1,2022-08-21,125000,47.0,20220821
314,E20230013,420231,2023-2024,L1,2023-04-19,125000,6.0,20230419
315,E20230014,420231,2023-2024,L1,2023-10-12,125000,6.0,20231012
316,E20230016,420231,2023-2024,L1,2023-12-12,125000,6.0,20231212
317,E20230024,420231,2023-2024,L1,2023-06-26,125000,6.0,20230626
318,E20230025,420231,2023-2024,L1,2023-09-27,125000,6.0,20230927
319,E20230031,420231,2023-2024,L1,2023-08-08,125000,6.0,20230808
320,E20230035,420231,2023-2024,L1,2023-07-22,125000,6.0,20230722
321,E20230036,420231,2023-2024,L1,2023-03-28,125000,6.0,20230328
322,E20230046,420231,2023-2024,L1,2023-08-19,125000,6.0,20230819
323,E20230054,420231,2023-2024,L1,2023-10-14,125000,6.0,20231014
324,E20230074,420231,2023-2024,L1,2023-03-18,125000,6.0,20230318
325,E20230078,420231,2023-2024,L1,2023-11-11,125000,6.0,20231111
326,E20230083,420231,2023-2024,L1,2023-03-10,125000,6.0,20230310
327,E20240015,420241,2024-2025,L1,2024-03-13,125000,48.0,20240313
328,E20240019,420241,2024-2025,L1,2024-10-25,125000,48.0,20241025
329,E20240023,420241,2024-2025,L1,2024-07-04,125000,48.0,20240704
330,E20240025,420241,2024-2025,L1,2024-03-01,125000,48.0,20240301
331,E20240035,420241,2024-2025,L1,2024-04-26,125000,48.0,20240426
332,E20240047,420241,2024-2025,L1,2024-01-22,125000,48.0,20240122
333,E20240049,420241,2024-2025,L1,2024-10-02,125000,48.0,20241002
334,E20240052,420241,2024-2025,L1,2024-12-14,125000,48.0,20241214
335,E20240067,420241,2024-2025,L1,2024-12-07,125000,48.0,20241207
336,E20240075,420241,2024-2025,L1,2024-09-07,125000,48.0,20240907
337,E20240081,420241,2024-2025,L1,2024-07-10,125000,48.0,20240710
338,E20240098,420241,2024-2025,L1,2024-08-01,125000,48.0,20240801
339,E20210023,420222,2022-2023,L2,2022-12-10,125000,3.0,20221210
340,E20210065,420222,2022-2023,L2,2022-05-05,125000,3.0,20220505
341,E20210034,420222,2022-2023,L2,2022-12-23,125000,3.0,20221223
342,E20210041,420222,2022-2023,L2,2022-10-10,125000,3.0,20221010
343,E20210029,420222,2022-2023,L2,2022-06-14,125000,3.0,20220614
344,E20210032,420222,2022-2023,L2,2022-11-29,125000,3.0,20221129
345,E20210050,420222,2022-2023,L2,2022-02-20,125000,3.0,20220220
346,E20210018,420222,2022-2023,L2,2022-04-24,125000,3.0,20220424
347,E20210039,420222,2022-2023,L2,2022-03-16,125000,3.0,20220316
348,E20210042,420222,2022-2023,L2,2022-10-09,125000,3.0,20221009
349,E20210033,420222,2022-2023,L2,2022-11-25,125000,3.0,20221125
350,E20220041,420232,2023-2024,L2,2023-04-27,125000,41.0,20230427
351,E20220056,420232,2023-2024,L2,2023-10-11,125000,41.0,20231011
352,E20220071,420232,2023-2024,L2,2023-07-12,125000,41.0,20230712
353,E20220063,420232,2023-2024,L2,2023-12-31,125000,41.0,20231231
354,E20220048,420232,2023-2024,L2,2023-02-14,125000,41.0,20230214
355,E20220046,420232,2023-2024,L2,2023-08-09,125000,41.0,20230809
356,E20220085,420232,2023-2024,L2,2023-02-22,125000,41.0,20230222
357,E20220026,420232,2023-2024,L2,2023-01-14,125000,41.0,20230114
358,E20220007,420232,2023-2024,L2,2023-01-07,125000,41.0,20230107
359,E20220081,420232,2023-2024,L2,2023-07-18,125000,41.0,20230718
360,E20220047,420232,2023-2024,L2,2023-09-24,125000,41.0,20230924
361,E20220058,420232,2023-2024,L2,2023-09-10,125000,41.0,20230910
362,E20230074,420242,2024-2025,L2,2024-04-15,125000,3.0,20240415
363,E20230046,420242,2024-2025,L2,2024-08-12,125000,3.0,20240812
364,E20230013,420242,2024-2025,L2,2024-06-02,125000,3.0,20240602
365,E20230016,420242,2024-2025,L2,2024-11-27,125000,3.0,20241127
366,E20230031,420242,2024-2025,L2,2024-03-25,125000,3.0,20240325
367,E20230036,420242,2024-2025,L2,2024-11-18,125000,3.0,20241118
368,E20230035,420242,2024-2025,L2,2024-11-23,125000,3.0,20241123
369,E20230054,420242,2024-2025,L2,2024-08-09,125000,3.0,20240809
370,E20230078,420242,2024-2025,L2,2024-11-10,125000,3.0,20241110
371,E20230014,420242,2024-2025,L2,2024-10-30,125000,3.0,20241030
372,E20230025,420242,2024-2025,L2,2024-08-07,125000,3.0,20240807
373,E20210041,420233,2023-2024,L3,2023-02-08,125000,3.0,20230208
374,E20210033,420233,2023-2024,L3,2023-08-23,125000,3.0,20230823
375,E20210039,420233,2023-2024,L3,2023-02-02,125000,3.0,20230202
376,E20210034,420233,2023-2024,L3,2023-10-01,125000,3.0,20231001
377,E20210032,420233,2023-2024,L3,2023-08-08,125000,3.0,20230808
378,E20210018,420233,2023-2024,L3,2023-05-26,125000,3.0,20230526
379,E20210023,420233,2023-2024,L3,2023-12-16,125000,3.0,20231216
380,E20210050,420233,2023-2024,L3,2023-08-24,125000,3.0,20230824
381,E20210065,420233,2023-2024,L3,2023-03-22,125000,3.0,20230322
382,E20210042,420233,2023-2024,L3,2023-03-09,125000,3.0,20230309
383,E20220041,420243,2024-2025,L3,2024-01-21,125000,3.0,20240121
384,E20220048,420243,2024-2025,L3,2024-05-26,125000,3.0,20240526
385,E20220058,420243,2024-2025,L3,2024-02-10,125000,3.0,20240210
386,E20220081,420243,2024-2025,L3,2024-04-14,125000,3.0,20240414
387,E20220085,420243,2024-2025,L3,2024-03-20,125000,3.0,20240320
388,E20220063,420243,2024-2025,L3,2024-10-27,125000,3.0,20241027
389,E20220071,420243,2024-2025,L3,2024-06-07,125000,3.0,20240607
390,E20220046,420243,2024-2025,L3,2024-02-14,125000,3.0,20240214
391,E20210005,320211,2021-2022,L1,2021-12-15,200000,50.0,20211215
392,E20210006,320211,2021-2022,L1,2021-11-02,200000,50.0,20211102
393,E20210020,320211,2021-2022,L1,2021-12-09,200000,50.0,20211209
394,E20210024,320211,2021-2022,L1,2021-02-01,200000,50.0,20210201
395,E20210027,320211,2021-2022,L1,2021-10-09,200000,50.0,20211009
396,E20210048,320211,2021-2022,L1,2021-10-10,200000,50.0,20211010
397,E20210057,320211,2021-2022,L1,2021-05-23,200000,50.0,20210523
398,E20210069,320211,2021-2022,L1,2021-09-21,200000,50.0,20210921
399,E20210071,320211,2021-2022,L1,2021-11-09,200000,50.0,20211109
400,E20210073,320211,2021-2022,L1,2021-04-23,200000,50.0,20210423
401,E20210074,320211,2021-2022,L1,2021-05-08,200000,50.0,20210508
402,E20210078,320211,2021-2022,L1,2021-09-24,200000,50.0,20210924
403,E20210079,320211,2021-2022,L1,2021-02-09,200000,50.0,20210209
404,E20220010,320221,2022-2023,L1,2022-12-06,200000,11.0,20221206
405,E20220019,320221,2022-2023,L1,2022-04-05,200000,11.0,20220405
406,E20220037,320221,2022-2023,L1,2022-04-03,200000,11.0,20220403
407,E20220054,320221,2022-2023,L1,2022-09-05,200000,11.0,20220905
408,E20220059,320221,2022-2023,L1,2022-02-21,200000,11.0,20220221
409,E20220065,320221,2022-2023,L1,2022-12-22,200000,11.0,20221222
410,E20220066,320221,2022-2023,L1,2022-01-29,200000,11.0,20220129
411,E20220070,320221,2022-2023,L1,2022-12-08,200000,11.0,20221208
412,E20220077,320221,2022-2023,L1,2022-11-07,200000,11.0,20221107
413,E20220079,320221,2022-2023,L1,2022-01-18,200000,11.0,20220118
414,E20220084,320221,2022-2023,L1,2022-02-16,200000,11.0,20220216
415,E20220087,320221,2022-2023,L1,2022-01-13,200000,11.0,20220113
416,E20230002,320231,2023-2024,L1,2023-11-08,200000,12.0,20231108
417,E20230007,320231,2023-2024,L1,2023-08-01,200000,12.0,20230801
418,E20230009,320231,2023-2024,L1,2023-08-10,200000,12.0,20230810
419,E20230010,320231,2023-2024,L1,2023-01-31,200000,12.0,20230131
420,E20230015,320231,2023-2024,L1,2023-04-26,200000,12.0,20230426
421,E20230017,320231,2023-2024,L1,2023-05-20,200000,12.0,20230520
422,E20230018,320231,2023-2024,L1,2023-04-03,200000,12.0,20230403
423,E20230021,320231,2023-2024,L1,2023-10-18,200000,12.0,20231018
424,E20230041,320231,2023-2024,L1,2023-06-15,200000,12.0,20230615
425,E20230051,320231,2023-2024,L1,2023-02-18,200000,12.0,20230218
426,E20230058,320231,2023-2024,L1,2023-06-01,200000,12.0,20230601
427,E20230079,320231,2023-2024,L1,2023-12-07,200000,12.0,20231207
428,E20230082,320231,2023-2024,L1,2023-06-26,200000,12.0,20230626
429,E20230085,320231,2023-2024,L1,2023-08-23,200000,12.0,20230823
430,E20240001,,2024-2025,L1,2024-11-24,200000,,20241124
431,E20240004,,2024-2025,L1,2024-06-14,200000,,20240614
432,E20240013,,2024-2025,L1,2024-03-07,200000,,20240307
433,E20240020,,2024-2025,L1,2024-11-01,200000,,20241101
434,E20240026,,2024-2025,L1,2024-10-12,200000,,20241012
435,E20240027,,2024-2025,L1,2024-09-17,200000,,20240917
436,E20240028,,2024-2025,L1,2024-03-11,200000,,20240311
437,E20240029,,2024-2025,L1,2024-03-17,200000,,20240317
438,E20240051,,2024-2025,L1,2024-02-21,200000,,20240221
439,E20240059,,2024-2025,L1,2024-08-27,200000,,20240827
440,E20240065,,2024-2025,L1,2024-07-15,200000,,20240715
441,E20240066,,2024-2025,L1,2024-10-25,200000,,20241025
442,E20240085,,2024-2025,L1,2024-09-29,200000,,20240929
443,E20210027,320222,2022-2023,L2,2022-10-28,200000,43.0,20221028
444,E20210005,320222,2022-2023,L2,2022-06-20,200000,43.0,20220620
445,E20210069,320222,2022-2023,L2,2022-06-05,200000,43.0,20220605
446,E20210074,320222,2022-2023,L2,2022-04-15,200000,43.0,20220415
447,E20210006,320222,2022-2023,L2,2022-08-27,200000,43.0,20220827
448,E20210020,320222,2022-2023,L2,2022-06-13,200000,43.0,20220613
449,E20210073,320222,2022-2023,L2,2022-04-15,200000,43.0,20220415
450,E20210048,320222,2022-2023,L2,2022-06-10,200000,43.0,20220610
451,E20210057,320222,2022-2023,L2,2022-10-27,200000,43.0,20221027
452,E20210079,320222,2022-2023,L2,2022-08-02,200000,43.0,20220802
453,E20210071,320222,2022-2023,L2,2022-05-06,200000,43.0,20220506
454,E20210078,320222,2022-2023,L2,2022-05-12,200000,43.0,20220512
455,E20220066,320232,2023-2024,L2,2023-10-27,200000,43.0,20231027
456,E20220087,320232,2023-2024,L2,2023-05-07,200000,43.0,20230507
457,E20220019,320232,2023-2024,L2,2023-05-18,200000,43.0,20230518
458,E20220070,320232,2023-2024,L2,2023-03-20,200000,43.0,20230320
459,E20220077,320232,2023-2024,L2,2023-07-19,200000,43.0,20230719
460,E20220010,320232,2023-2024,L2,2023-07-04,200000,43.0,20230704
461,E20220079,320232,2023-2024,L2,2023-10-12,200000,43.0,20231012
462,E20220054,320232,2023-2024,L2,2023-02-15,200000,43.0,20230215
463,E20220065,320232,2023-2024,L2,2023-05-30,200000,43.0,20230530
464,E20220037,320232,2023-2024,L2,2023-07-31,200000,43.0,20230731
465,E20220059,320232,2023-2024,L2,2023-05-18,200000,43.0,20230518
466,E20230041,320242,2024-2025,L2,2024-06-27,200000,40.0,20240627
467,E20230085,320242,2024-2025,L2,2024-12-22,200000,40.0,20241222
468,E20230082,320242,2024-2025,L2,2024-06-12,200000,40.0,20240612
469,E20230079,320242,2024-2025,L2,2024-02-25,200000,40.0,20240225
470,E20230010,320242,2024-2025,L2,2024-10-13,200000,40.0,20241013
471,E20230017,320242,2024-2025,L2,2024-04-04,200000,40.0,20240404
472,E20230018,320242,2024-2025,L2,2024-01-03,200000,40.0,20240103
473,E20230009,320242,2024-2025,L2,2024-04-19,200000,40.0,20240419
474,E20230007,320242,2024-2025,L2,2024-05-22,200000,40.0,20240522
475,E20230051,320242,2024-2025,L2,2024-06-15,200000,40.0,20240615
476,E20230058,320242,2024-2025,L2,2024-07-17,200000,40.0,20240717
477,E20210069,,2023-2024,L3,2023-10-25,200000,,20231025
478,E20210057,,2023-2024,L3,2023-06-15,200000,,20230615
479,E20210074,,2023-2024,L3,2023-06-22,200000,,20230622
480,E20210073,,2023-2024,L3,2023-10-23,200000,,20231023
481,E20210020,,2023-2024,L3,2023-10-17,200000,,20231017
482,E20210005,,2023-2024,L3,2023-01-24,200000,,20230124
483,E20210048,,2023-2024,L3,2023-08-22,200000,,20230822
484,E20210006,,2023-2024,L3,2023-01-01,200000,,20230101
485,E20220037,320243,2024-2025,L3,2024-12-30,200000,10.0,20241230
486,E20220077,320243,2024-2025,L3,2024-02-12,200000,10.0,20240212
487,E20220079,320243,2024-2025,L3,2024-11-11,200000,10.0,20241111
488,E20220019,320243,2024-2025,L3,2024-05-22,200000,10.0,20240522
489,E20220054,320243,2024-2025,L3,2024-06-07,200000,10.0,20240607
490,E20220066,320243,2024-2025,L3,2024-09-18,200000,10.0,20240918
491,E20220010,320243,2024-2025,L3,2024-10-01,200000,10.0,20241001
492,E20220087,320243,2024-2025,L3,2024-11-25,200000,10.0,20241125
493,E20220059,320243,2024-2025,L3,2024-08-10,200000,10.0,20240810
494,E20220065,320243,2024-2025,L3,2024-02-29,200000,10.0,20240229
495,E20210014,820211,2021-2022,L1,2021-05-16,225000,47.0,20210516
496,E20210019,820211,2021-2022,L1,2021-01-17,225000,47.0,20210117
497,E20210022,820211,2021-2022,L1,2021-04-08,225000,47.0,20210408
498,E20210025,820211,2021-2022,L1,2021-04-09,225000,47.0,20210409
499,E20210031,820211,2021-2022,L1,2021-03-21,225000,47.0,20210321
500,E20210037,820211,2021-2022,L1,2021-05-03,225000,47.0,20210503
501,E20210049,820211,2021-2022,L1,2021-12-20,225000,47.0,20211220
502,E20210066,820211,2021-2022,L1,2021-10-19,225000,47.0,20211019
503,E20210076,820211,2021-2022,L1,2021-09-16,225000,47.0,20210916
504,E20210084,820211,2021-2022,L1,2021-06-30,225000,47.0,20210630
505,E20220005,820221,2022-2023,L1,2022-04-19,225000,43.0,20220419
506,E20220006,820221,2022-2023,L1,2022-11-02,225000,43.0,20221102
507,E20220011,820221,2022-2023,L1,2022-08-06,225000,43.0,20220806
508,E20220014,820221,2022-2023,L1,2022-09-26,225000,43.0,20220926
509,E20220016,820221,2022-2023,L1,2022-03-06,225000,43.0,20220306
510,E20220028,820221,2022-2023,L1,2022-04-29,225000,43.0,20220429
511,E20220032,820221,2022-2023,L1,2022-08-28,225000,43.0,20220828
512,E20220033,820221,2022-2023,L1,2022-10-04,225000,43.0,20221004
513,E20220044,820221,2022-2023,L1,2022-01-27,225000,43.0,20220127
514,E20220049,820221,2022-2023,L1,2022-08-01,225000,43.0,20220801
515,E20220064,820221,2022-2023,L1,2022-08-11,225000,43.0,20220811
516,E20220080,820221,2022-2023,L1,2022-06-17,225000,43.0,20220617
517,E20220082,820221,2022-2023,L1,2022-06-01,225000,43.0,20220601
518,E20230001,820231,2023-2024,L1,2023-12-31,225000,4.0,20231231
519,E20230012,820231,2023-2024,L1,2023-11-04,225000,4.0,20231104
520,E20230029,820231,2023-2024,L1,2023-12-09,225000,4.0,20231209
521,E20230043,820231,2023-2024,L1,2023-06-30,225000,4.0,20230630
522,E20230052,820231,2023-2024,L1,2023-06-20,225000,4.0,20230620
523,E20230055,820231,2023-2024,L1,2023-12-10,225000,4.0,20231210
524,E20230056,820231,2023-2024,L1,2023-01-10,225000,4.0,20230110
525,E20230059,820231,2023-2024,L1,2023-03-09,225000,4.0,20230309
526,E20230066,820231,2023-2024,L1,2023-10-11,225000,4.0,20231011
527,E20230071,820231,2023-2024,L1,2023-01-15,225000,4.0,20230115
528,E20230076,820231,2023-2024,L1,2023-02-02,225000,4.0,20230202
529,E20230077,820231,2023-2024,L1,2023-01-09,225000,4.0,20230109
530,E20230080,820231,2023-2024,L1,2023-10-06,225000,4.0,20231006
531,E20230087,820231,2023-2024,L1,2023-05-10,225000,4.0,20230510
532,E20230090,820231,2023-2024,L1,2023-04-06,225000,4.0,20230406
533,E20230091,820231,2023-2024,L1,2023-05-17,225000,4.0,20230517
534,E20240008,820241,2024-2025,L1,2024-01-15,225000,7.0,20240115
535,E20240022,820241,2024-2025,L1,2024-01-24,225000,7.0,20240124
536,E20240030,820241,2024-2025,L1,2024-11-11,225000,7.0,20241111
537,E20240031,820241,2024-2025,L1,2024-09-29,225000,7.0,20240929
538,E20240037,820241,2024-2025,L1,2024-12-24,225000,7.0,20241224
539,E20240043,820241,2024-2025,L1,2024-05-22,225000,7.0,20240522
540,E20240048,820241,2024-2025,L1,2024-08-14,225000,7.0,20240814
541,E20240054,820241,2024-2025,L1,2024-11-26,225000,7.0,20241126
542,E20240055,820241,2024-2025,L1,2024-09-30,225000,7.0,20240930
543,E20240057,820241,2024-2025,L1,2024-01-20,225000,7.0,20240120
544,E20240073,820241,2024-2025,L1,2024-02-01,225000,7.0,20240201
545,E20240078,820241,2024-2025,L1,2024-01-02,225000,7.0,20240102
546,E20240079,820241,2024-2025,L1,2024-12-24,225000,7.0,20241224
547,E20240082,820241,2024-2025,L1,2024-02-11,225000,7.0,20240211
548,E20240083,820241,2024-2025,L1,2024-10-02,225000,7.0,20241002
549,E20240084,820241,2024-2025,L1,2024-01-12,225000,7.0,20240112
550,E20240090,820241,2024-2025,L1,2024-01-29,225000,7.0,20240129
551,E20240095,820241,2024-2025,L1,2024-06-12,225000,7.0,20240612
552,E20240096,820241,2024-2025,L1,2024-04-04,225000,7.0,20240404
553,E20240100,820241,2024-2025,L1,2024-04-07,225000,7.0,20240407
554,E20210019,820222,2022-2023,L2,2022-04-17,225000,7.0,20220417
555,E20210066,820222,2022-2023,L2,2022-04-19,225000,7.0,20220419
556,E20210084,820222,2022-2023,L2,2022-09-03,225000,7.0,20220903
557,E20210031,820222,2022-2023,L2,2022-05-03,225000,7.0,20220503
558,E20210014,820222,2022-2023,L2,2022-07-31,225000,7.0,20220731
559,E20210025,820222,2022-2023,L2,2022-01-24,225000,7.0,20220124
560,E20210037,820222,2022-2023,L2,2022-10-24,225000,7.0,20221024
561,E20210049,820222,2022-2023,L2,2022-06-22,225000,7.0,20220622
562,E20220011,820232,2023-2024,L2,2023-12-05,225000,44.0,20231205
563,E20220082,820232,2023-2024,L2,2023-02-13,225000,44.0,20230213
564,E20220005,820232,2023-2024,L2,2023-02-12,225000,44.0,20230212
565,E20220032,820232,2023-2024,L2,2023-06-07,225000,44.0,20230607
566,E20220006,820232,2023-2024,L2,2023-02-22,225000,44.0,20230222
567,E20220028,820232,2023-2024,L2,2023-09-20,225000,44.0,20230920
568,E20220014,820232,2023-2024,L2,2023-07-01,225000,44.0,20230701
569,E20220044,820232,2023-2024,L2,2023-05-05,225000,44.0,20230505
570,E20220016,820232,2023-2024,L2,2023-07-14,225000,44.0,20230714
571,E20220049,820232,2023-2024,L2,2023-06-04,225000,44.0,20230604
572,E20220080,820232,2023-2024,L2,2023-05-18,225000,44.0,20230518
573,E20220033,820232,2023-2024,L2,2023-03-16,225000,44.0,20230316
574,E20230001,,2024-2025,L2,2024-09-23,225000,,20240923
575,E20230043,,2024-2025,L2,2024-08-31,225000,,20240831
576,E20230056,,2024-2025,L2,2024-08-19,225000,,20240819
577,E20230029,,2024-2025,L2,2024-02-28,225000,,20240228
578,E20230080,,2024-2025,L2,2024-12-12,225000,,20241212
579,E20230012,,2024-2025,L2,2024-09-21,225000,,20240921
580,E20230091,,2024-2025,L2,2024-04-28,225000,,20240428
581,E20230071,,2024-2025,L2,2024-07-26,225000,,20240726
582,E20230077,,2024-2025,L2,2024-04-05,225000,,20240405
583,E20230055,,2024-2025,L2,2024-04-05,225000,,20240405
584,E20230066,,2024-2025,L2,2024-02-28,225000,,20240228
585,E20230076,,2024-2025,L2,2024-09-07,225000,,20240907
586,E20230059,,2024-2025,L2,2024-11-23,225000,,20241123
587,E20230090,,2024-2025,L2,2024-07-19,225000,,20240719
588,E20210014,,2023-2024,L3,2023-04-22,225000,,20230422
589,E20210019,,2023-2024,L3,2023-04-19,225000,,20230419
590,E20210066,,2023-2024,L3,2023-11-29,225000,,20231129
591,E20210049,,2023-2024,L3,2023-03-23,225000,,20230323
592,E20220032,820243,2024-2025,L3,2024-01-31,225000,47.0,20240131
593,E20220082,820243,2024-2025,L3,2024-09-16,225000,47.0,20240916
594,E20220014,820243,2024-2025,L3,2024-12-25,225000,47.0,20241225
595,E20220044,820243,2024-2025,L3,2024-11-20,225000,47.0,20241120
596,E20220028,820243,2024-2025,L3,2024-12-14,225000,47.0,20241214
597,E20220011,820243,2024-2025,L3,2024-05-02,225000,47.0,20240502
598,E20220033,820243,2024-2025,L3,2024-08-20,225000,47.0,20240820
599,E20220005,820243,2024-2025,L3,2024-11-09,225000,47.0,20241109
600,E20220006,820243,2024-2025,L3,2024-12-28,225000,47.0,20241228
601,E20210009,220211,2021-2022,L1,2021-09-14,150000,45.0,20210914
602,E20210011,220211,2021-2022,L1,2021-01-01,150000,45.0,20210101
603,E20210016,220211,2021-2022,L1,2021-09-22,150000,45.0,20210922
604,E20210035,220211,2021-2022,L1,2021-10-19,150000,45.0,20211019
605,E20210038,220211,2021-2022,L1,2021-06-11,150000,45.0,20210611
606,E20210040,220211,2021-2022,L1,2021-05-06,150000,45.0,20210506
607,E20210043,220211,2021-2022,L1,2021-05-16,150000,45.0,20210516
608,E20210052,220211,2021-2022,L1,2021-07-01,150000,45.0,20210701
609,E20210055,220211,2021-2022,L1,2021-08-29,150000,45.0,20210829
610,E20210060,220211,2021-2022,L1,2021-06-26,150000,45.0,20210626
611,E20210062,220211,2021-2022,L1,2021-10-03,150000,45.0,20211003
612,E20210067,220211,2021-2022,L1,2021-05-27,150000,45.0,20210527
613,E20210087,220211,2021-2022,L1,2021-08-28,150000,45.0,20210828
614,E20220001,220221,2022-2023,L1,2022-09-05,150000,7.0,20220905
615,E20220003,220221,2022-2023,L1,2022-05-05,150000,7.0,20220505
616,E20220021,220221,2022-2023,L1,2022-03-18,150000,7.0,20220318
617,E20220022,220221,2022-2023,L1,2022-10-13,150000,7.0,20221013
618,E20220024,220221,2022-2023,L1,2022-10-29,150000,7.0,20221029
619,E20220027,220221,2022-2023,L1,2022-03-22,150000,7.0,20220322
620,E20220031,220221,2022-2023,L1,2022-01-31,150000,7.0,20220131
621,E20220035,220221,2022-2023,L1,2022-04-28,150000,7.0,20220428
622,E20220043,220221,2022-2023,L1,2022-04-07,150000,7.0,20220407
623,E20220052,220221,2022-2023,L1,2022-01-02,150000,7.0,20220102
624,E20220055,220221,2022-2023,L1,2022-08-22,150000,7.0,20220822
625,E20220061,220221,2022-2023,L1,2022-12-21,150000,7.0,20221221
626,E20220089,220221,2022-2023,L1,2022-03-01,150000,7.0,20220301
627,E20230006,220231,2023-2024,L1,2023-04-27,150000,43.0,20230427
628,E20230026,220231,2023-2024,L1,2023-01-29,150000,43.0,20230129
629,E20230032,220231,2023-2024,L1,2023-02-28,150000,43.0,20230228
630,E20230034,220231,2023-2024,L1,2023-08-12,150000,43.0,20230812
631,E20230040,220231,2023-2024,L1,2023-10-24,150000,43.0,20231024
632,E20230044,220231,2023-2024,L1,2023-07-08,150000,43.0,20230708
633,E20230049,220231,2023-2024,L1,2023-09-25,150000,43.0,20230925
634,E20230057,220231,2023-2024,L1,2023-09-06,150000,43.0,20230906
635,E20230062,220231,2023-2024,L1,2023-10-01,150000,43.0,20231001
636,E20230067,220231,2023-2024,L1,2023-03-24,150000,43.0,20230324
637,E20230069,220231,2023-2024,L1,2023-01-14,150000,43.0,20230114
638,E20230070,220231,2023-2024,L1,2023-05-01,150000,43.0,20230501
639,E20230089,220231,2023-2024,L1,2023-07-24,150000,43.0,20230724
640,E20230092,220231,2023-2024,L1,2023-04-03,150000,43.0,20230403
641,E20240002,220241,2024-2025,L1,2024-11-23,150000,46.0,20241123
642,E20240006,220241,2024-2025,L1,2024-09-30,150000,46.0,20240930
643,E20240018,220241,2024-2025,L1,2024-01-12,150000,46.0,20240112
644,E20240032,220241,2024-2025,L1,2024-01-09,150000,46.0,20240109
645,E20240036,220241,2024-2025,L1,2024-07-13,150000,46.0,20240713
646,E20240045,220241,2024-2025,L1,2024-06-27,150000,46.0,20240627
647,E20240050,220241,2024-2025,L1,2024-02-25,150000,46.0,20240225
648,E20240058,220241,2024-2025,L1,2024-08-20,150000,46.0,20240820
649,E20240061,220241,2024-2025,L1,2024-06-21,150000,46.0,20240621
650,E20240064,220241,2024-2025,L1,2024-09-01,150000,46.0,20240901
651,E20240071,220241,2024-2025,L1,2024-10-02,150000,46.0,20241002
652,E20240077,220241,2024-2025,L1,2024-08-24,150000,46.0,20240824
653,E20240087,220241,2024-2025,L1,2024-11-10,150000,46.0,20241110
654,E20240092,220241,2024-2025,L1,2024-04-23,150000,46.0,20240423
655,E20240094,220241,2024-2025,L1,2024-01-25,150000,46.0,20240125
656,E20210011,220222,2022-2023,L2,2022-09-03,150000,49.0,20220903
657,E20210067,220222,2022-2023,L2,2022-07-14,150000,49.0,20220714
658,E20210040,220222,2022-2023,L2,2022-10-01,150000,49.0,20221001
659,E20210043,220222,2022-2023,L2,2022-09-20,150000,49.0,20220920
660,E20210035,220222,2022-2023,L2,2022-09-12,150000,49.0,20220912
661,E20210062,220222,2022-2023,L2,2022-08-29,150000,49.0,20220829
662,E20210009,220222,2022-2023,L2,2022-01-09,150000,49.0,20220109
663,E20210087,220222,2022-2023,L2,2022-06-01,150000,49.0,20220601
664,E20210055,220222,2022-2023,L2,2022-03-20,150000,49.0,20220320
665,E20210016,220222,2022-2023,L2,2022-10-19,150000,49.0,20221019
666,E20220001,220232,2023-2024,L2,2023-08-10,150000,11.0,20230810
667,E20220027,220232,2023-2024,L2,2023-04-06,150000,11.0,20230406
668,E20220031,220232,2023-2024,L2,2023-06-12,150000,11.0,20230612
669,E20220043,220232,2023-2024,L2,2023-03-09,150000,11.0,20230309
670,E20220035,220232,2023-2024,L2,2023-08-18,150000,11.0,20230818
671,E20220055,220232,2023-2024,L2,2023-10-14,150000,11.0,20231014
672,E20220089,220232,2023-2024,L2,2023-12-17,150000,11.0,20231217
673,E20230069,220242,2024-2025,L2,2024-06-08,150000,9.0,20240608
674,E20230040,220242,2024-2025,L2,2024-01-12,150000,9.0,20240112
675,E20230067,220242,2024-2025,L2,2024-06-24,150000,9.0,20240624
676,E20230034,220242,2024-2025,L2,2024-05-04,150000,9.0,20240504
677,E20230032,220242,2024-2025,L2,2024-03-22,150000,9.0,20240322
678,E20230092,220242,2024-2025,L2,2024-08-06,150000,9.0,20240806
679,E20230006,220242,2024-2025,L2,2024-08-24,150000,9.0,20240824
680,E20230026,220242,2024-2025,L2,2024-04-11,150000,9.0,20240411
681,E20230070,220242,2024-2025,L2,2024-08-18,150000,9.0,20240818
682,E20230057,220242,2024-2025,L2,2024-02-22,150000,9.0,20240222
683,E20230044,220242,2024-2025,L2,2024-07-06,150000,9.0,20240706
684,E20230062,220242,2024-2025,L2,2024-05-14,150000,9.0,20240514
685,E20230049,220242,2024-2025,L2,2024-06-09,150000,9.0,20240609
686,E20230089,220242,2024-2025,L2,2024-11-01,150000,9.0,20241101
687,E20210009,,2023-2024,L3,2023-02-17,150000,,20230217
688,E20210087,,2023-2024,L3,2023-09-21,150000,,20230921
689,E20210043,,2023-2024,L3,2023-07-08,150000,,20230708
690,E20210016,,2023-2024,L3,2023-01-02,150000,,20230102
691,E20210035,,2023-2024,L3,2023-07-23,150000,,20230723
692,E20210067,,2023-2024,L3,2023-03-08,150000,,20230308
693,E20210055,,2023-2024,L3,2023-02-20,150000,,20230220
694,E20210011,,2023-2024,L3,2023-11-17,150000,,20231117
695,E20210040,,2023-2024,L3,2023-08-14,150000,,20230814
696,E20220001,,2024-2025,L3,2024-01-08,150000,,20240108
697,E20220089,,2024-2025,L3,2024-05-14,150000,,20240514
698,E20220027,,2024-2025,L3,2024-07-24,150000,,20240724
699,E20220043,,2024-2025,L3,2024-10-02,150000,,20241002
700,E20220055,,2024-2025,L3,2024-01-30,150000,,20240130
